Stretch_Lambda2,Experimental_Stress_P22,Predicted_Stress_P22
1.1917177914110426,0.1603864734299517,0.16225235890936984
1.146472392638037,0.0560386473429952,0.04651744762373199
1.108435582822086,0.0280193236714976,0.016056163646439563
1.071472392638037,0.0135265700483093,0.00670001903348208
1.038343558282209,0.0067632850241546,0.0029021940748157646
1.0,0.0,0.0
