Stretch_Lambda1,Experimental_Stress_P11,Predicted_Stress_P11
1.1986196319018403,1.285990338164251,1.2981330590722608
1.18680981595092,0.9768115942028984,0.9655916794004249
1.1699386503067484,0.638647342995169,0.6139415167135002
1.1483128834355827,0.29275362318840586,0.32474775802897826
1.1153374233128834,0.08502415458937207,0.1096015300665871
1.0725460122699388,0.018357487922705418,0.02768447348388515
1.040184049079755,0.00869565217391316,0.012843714690028908
1.0157975460122703,0.0019323671497585848,0.005383186077074602
1.0,0.0,1.3877787807814457e-17
