Stretch_Lambda2,Experimental_Stress_P22,Predicted_Stress_P22
1.1917177914110426,0.1603864734299517,0.1640248805354495
1.146472392638037,0.0560386473429952,0.046018685097281346
1.108435582822086,0.0280193236714976,0.011314600286253142
1.071472392638037,0.0135265700483093,0.0018088463867226624
1.038343558282209,0.0067632850241546,0.0002013327778109958
1.0,0.0,0.0
