Stretch_Lambda1,Experimental_Stress_P11,Predicted_Stress_P11
1.1986196319018403,1.285990338164251,1.2931501237292389
1.18680981595092,0.9768115942028984,0.9681644320884174
1.1699386503067484,0.638647342995169,0.6192616756241658
1.1483128834355827,0.29275362318840586,0.32602239606895816
1.1153374233128834,0.08502415458937207,0.10081390941003203
1.0725460122699388,0.018357487922705418,0.013178573929176554
1.040184049079755,0.00869565217391316,0.001751284235360136
1.0157975460122703,0.0019323671497585848,0.00024452694427609927
1.0,0.0,-1.40042780612711e-19
